id,question,heirs,asalMasalah,answers,explanation
1,زوج,زوج,,,
2,زوج، عم,زوج | عم,,,
3,زوج، ابن,زوج | ابن,,,
4,زوجة,زوجة,,,
5,زوجة، عم,زوجة | عم,,,
6,زوجة، ابن,زوجة | ابن,,,
7,أب,أب,,,
8,أب، ابن,أب | ابن,,,
9,زوج، أب,زوج | أب,,,
10,زوجة، أب,زوجة | أب,,,
11,زوج، أب، ابن,زوج | أب | ابن,,,
12,زوجة، أب، ابن,زوجة | أب | ابن,,,
13,أم,أم,,,
14,أم، عم,أم | عم,,,
15,أم، ابن,أم | ابن,,,
16,أم، أب,أم | أب,,,
17,زوج، أم، عم,زوج | أم | عم,,,
18,زوج، أم، ابن,زوج | أم | ابن,,,
19,زوجة، أم، عم,زوجة | أم | عم,,,
20,زوجة، أم، ابن,زوجة | أم | ابن,,,
21,زوج، أم، أب,زوج | أم | أب,,,
22,زوجة، أم، أب,زوجة | أم | أب,,,
23,زوج، أم، أب، ابن,زوج | أم | أب | ابن,,,
24,زوجة، أم، أب، ابن,زوجة | أم | أب | ابن,,,
25,جدّ,جدّ,,,
26,جد، ابن,جد | ابن,,,
27,زوج، جد,زوج | جد,,,
28,زوجة، جد,زوجة | جد,,,
29,زوج، جد، ابن,زوج | جد | ابن,,,
30,زوجة، جد، ابن,زوجة | جد | ابن,,,
31,أم، جد,أم | جد,,,
32,زوج، أم، جد,زوج | أم | جد,,,
33,زوجة، أم، جد,زوجة | أم | جد,,,
34,زوج، أم، جد، ابن,زوج | أم | جد | ابن,,,
35,زوجة، أم، جد، ابن,زوجة | أم | جد | ابن,,,
36,جدة,جدة,,,
37,جدة، عم,جدة | عم,,,
38,جدة، ابن,جدة | ابن,,,
39,جدة، أب,جدة | أب,,,
40,زوج، جدة، عم,زوج | جدة | عم,,,
41,زوج، جدة، ابن,زوج | جدة | ابن,,,
42,زوجة، جدة، عم,زوجة | جدة | عم,,,
43,زوجة، جدة، ابن,زوجة | جدة | ابن,,,
44,زوج، جدة، أب,زوج | جدة | أب,,,
45,زوجة، جدة، أب,زوجة | جدة | أب,,,
46,زوج، جدة، أب، ابن,زوج | جدة | أب | ابن,,,
47,زوجة، جدة، أب، ابن,زوجة | جدة | أب | ابن,,,
48,جدة، جد,جدة | جد,,,
49,زوج، جدة، جد,زوج | جدة | جد,,,
50,زوجة، جدة، جد,زوجة | جدة | جد,,,
51,زوج، جدة، جد، ابن,زوج | جدة | جد | ابن,,,
52,زوجة، جدة، جد، ابن,زوجة | جدة | جد | ابن,,,
53,بنت/بنات,بنت/بنات,,,
54,بنت، عم,بنت | عم,,,
55,بنت، ابن,بنت | ابن,,,
56,زوج، بنت، عم,زوج | بنت | عم,,,
57,زوجة، بنت، عم,زوجة | بنت | عم,,,
58,زوج، بنت، ابن,زوج | بنت | ابن,,,
59,زوجة، بنت، ابن,زوجة | بنت | ابن,,,
60,بنت، أب,بنت | أب,,,
61,أب، بنت، ابن,أب | بنت | ابن,,,
62,بنت، أم، عم,بنت | أم | عم,,,
63,بنت، أم، ابن,بنت | أم | ابن,,,
64,بنت، جد,بنت | جد,,,
65,بنت، جد، ابن,بنت | جد | ابن,,,
66,بنت، جدة، عم,بنت | جدة | عم,,,
67,بنت، جدة، ابن,بنت | جدة | ابن,,,
68,زوج، بنت، أب,زوج | بنت | أب,,,
69,زوج، أب، بنت، ابن,زوج | أب | بنت | ابن,,,
70,زوجة، بنت، أب,زوجة | بنت | أب,,,
71,زوجة، أب، بنت، ابن,زوجة | أب | بنت | ابن,,,
72,زوج، أم، بنت، عم,زوج | أم | بنت | عم,,,
73,زوج، أم، بنت، ابن,زوج | أم | بنت | ابن,,,
74,زوجة، أم، بنت، عم,زوجة | أم | بنت | عم,,,
75,زوجة، أم، بنت، ابن,زوجة | أم | بنت | ابن,,,
76,زوج، بنت، جد,زوج | بنت | جد,,,
77,زوج، جد، بنت، ابن,زوج | جد | بنت | ابن,,,
78,زوجة، بنت، جد,زوجة | بنت | جد,,,
79,زوجة، جد، بنت، ابن,زوجة | جد | بنت | ابن,,,
80,زوج، جدة، بنت، عم,زوج | جدة | بنت | عم,,,
81,زوج، جدة، بنت، ابن,زوج | جدة | بنت | ابن,,,
82,زوجة، جدة، بنت، عم,زوجة | جدة | بنت | عم,,,
83,زوجة، جدة، بنت، ابن,زوجة | جدة | بنت | ابن,,,
84,زوج، أم، بنت، أب,زوج | أم | بنت | أب,,,
85,زوج، أم، أب، بنت، ابن,زوج | أم | أب | بنت | ابن,,,
86,زوجة، أم، بنت، أب,زوجة | أم | بنت | أب,,,
87,زوجة، أم، أب، بنت، ابن,زوجة | أم | أب | بنت | ابن,,,
88,زوج، أم، بنت، جد,زوج | أم | بنت | جد,,,
89,زوج، أم، جد، بنت، ابن,زوج | أم | جد | بنت | ابن,,,
90,زوجة، أم، بنت، جد,زوجة | أم | بنت | جد,,,
91,زوجة، أم، جد، بنت، ابن,زوجة | أم | جد | بنت | ابن,,,
92,زوج، جدة، بنت، أب,زوج | جدة | بنت | أب,,,
93,زوج، جدة، أب، بنت، ابن,زوج | جدة | أب | بنت | ابن,,,
94,زوجة، جدة، بنت، أب,زوجة | جدة | بنت | أب,,,
95,زوجة، جدة، أب، بنت، ابن,زوجة | جدة | أب | بنت | ابن,,,
96,زوج، جدة، بنت، جد,زوج | جدة | بنت | جد,,,
97,زوج، جدة، جد، بنت، ابن,زوج | جدة | جد | بنت | ابن,,,
98,زوجة، جدة، بنت، جد,زوجة | جدة | بنت | جد,,,
99,زوجة، جدة، جد، بنت، ابن,زوجة | جدة | جد | بنت | ابن,,,
100,بنات، عم,بنات | عم,,,
101,بنات، ابن,بنات | ابن,,,
102,زوج، بنات، عم,زوج | بنات | عم,,,
103,زوجة، بنات، عم,زوجة | بنات | عم,,,
104,زوج، بنات، ابن,زوج | بنات | ابن,,,
105,زوجة، بنات، ابن,زوجة | بنات | ابن,,,
106,بنات، أب,بنات | أب,,,
107,أب، بنات، ابن,أب | بنات | ابن,,,
108,بنات، أم، عم,بنات | أم | عم,,,
109,بنات، أم، ابن,بنات | أم | ابن,,,
110,بنات، جد,بنات | جد,,,
111,بنات، جد، ابن,بنات | جد | ابن,,,
112,بنات، جدة، عم,بنات | جدة | عم,,,
113,بنات، جدة، ابن,بنات | جدة | ابن,,,
114,زوج، بنات، أب,زوج | بنات | أب,,,
115,زوج، أب، بنات، ابن,زوج | أب | بنات | ابن,,,
116,زوجة، بنات، أب,زوجة | بنات | أب,,,
117,زوجة، أب، بنات، ابن,زوجة | أب | بنات | ابن,,,
118,زوج، أم، بنات، عم,زوج | أم | بنات | عم,,,
119,زوج، أم، بنات، ابن,زوج | أم | بنات | ابن,,,
120,زوجة، أم، بنات، عم,زوجة | أم | بنات | عم,,,
121,زوجة، أم، بنات، ابن,زوجة | أم | بنات | ابن,,,
122,زوج، بنات، جد,زوج | بنات | جد,,,
123,زوج، جد، بنات، ابن,زوج | جد | بنات | ابن,,,
124,زوجة، بنات، جد,زوجة | بنات | جد,,,
125,زوجة، جد، بنات، ابن,زوجة | جد | بنات | ابن,,,
126,زوج، جدة، بنات، عم,زوج | جدة | بنات | عم,,,
127,زوج، جدة، بنات، ابن,زوج | جدة | بنات | ابن,,,
128,زوجة، جدة، بنات، عم,زوجة | جدة | بنات | عم,,,
129,زوجة، جدة، بنات، ابن,زوجة | جدة | بنات | ابن,,,
130,زوج، أم، بنات، أب,زوج | أم | بنات | أب,,,
131,زوج، أم، أب، بنات، ابن,زوج | أم | أب | بنات | ابن,,,
132,زوجة، أم، بنات، أب,زوجة | أم | بنات | أب,,,
133,زوجة، أم، أب، بنات، ابن,زوجة | أم | أب | بنات | ابن,,,
134,زوج، أم، بنات، جد,زوج | أم | بنات | جد,,,
135,زوج، أم، جد، بنات، ابن,زوج | أم | جد | بنات | ابن,,,
136,زوجة، أم، بنات، جد,زوجة | أم | بنات | جد,,,
137,زوجة، أم، جد، بنات، ابن,زوجة | أم | جد | بنات | ابن,,,
138,زوج، جدة، بنات، أب,زوج | جدة | بنات | أب,,,
139,زوج، جدة، أب، بنات، ابن,زوج | جدة | أب | بنات | ابن,,,
140,زوجة، جدة، بنات، أب,زوجة | جدة | بنات | أب,,,
141,زوجة، جدة، أب، بنات، ابن,زوجة | جدة | أب | بنات | ابن,,,
142,زوج، جدة، بنات، جد,زوج | جدة | بنات | جد,,,
143,زوج، جدة، جد، بنات، ابن,زوج | جدة | جد | بنات | ابن,,,
144,زوجة، جدة، بنات، جد,زوجة | جدة | بنات | جد,,,
145,زوجة، جدة، جد، بنات، ابن,زوجة | جدة | جد | بنات | ابن,,,
146,بنت ابن,بنت ابن,,,
147,بنت ابن، عم,بنت ابن | عم,,,
148,بنت ابن، ابن ابن,بنت ابن | ابن ابن,,,
149,زوج، بنت ابن، عم,زوج | بنت ابن | عم,,,
150,زوجة، بنت ابن، عم,زوجة | بنت ابن | عم,,,
151,زوج، بنت ابن، ابن ابن,زوج | بنت ابن | ابن ابن,,,
152,زوجة، بنت ابن، ابن ابن,زوجة | بنت ابن | ابن ابن,,,
153,بنت ابن، أب,بنت ابن | أب,,,
154,أب، بنت ابن، ابن ابن,أب | بنت ابن | ابن ابن,,,
155,بنت ابن، أم، عم,بنت ابن | أم | عم,,,
156,بنت ابن، أم، ابن ابن,بنت ابن | أم | ابن ابن,,,
157,بنت ابن، جد,بنت ابن | جد,,,
158,بنت ابن، جد، ابن ابن,بنت ابن | جد | ابن ابن,,,
159,بنت ابن، جدة، عم,بنت ابن | جدة | عم,,,
160,بنت ابن، جدة، ابن ابن,بنت ابن | جدة | ابن ابن,,,
161,زوج، بنت ابن، أب,زوج | بنت ابن | أب,,,
162,زوج، أب، بنت ابن، ابن ابن,زوج | أب | بنت ابن | ابن ابن,,,
163,زوجة، بنت ابن، أب,زوجة | بنت ابن | أب,,,
164,زوجة، أب، بنت ابن، ابن ابن,زوجة | أب | بنت ابن | ابن ابن,,,
165,زوج، أم، بنت ابن، عم,زوج | أم | بنت ابن | عم,,,
166,زوج، أم، بنت ابن، ابن ابن,زوج | أم | بنت ابن | ابن ابن,,,
167,زوجة، أم، بنت ابن، عم,زوجة | أم | بنت ابن | عم,,,
168,زوجة، أم، بنت ابن، ابن ابن,زوجة | أم | بنت ابن | ابن ابن,,,
169,زوج، بنت ابن، جد,زوج | بنت ابن | جد,,,
170,زوج، جد، بنت ابن، ابن ابن,زوج | جد | بنت ابن | ابن ابن,,,
171,زوجة، بنت ابن، جد,زوجة | بنت ابن | جد,,,
172,زوجة، جد، بنت ابن، ابن ابن,زوجة | جد | بنت ابن | ابن ابن,,,
173,زوج، جدة، بنت ابن، عم,زوج | جدة | بنت ابن | عم,,,
174,زوج، جدة، بنت ابن، ابن ابن,زوج | جدة | بنت ابن | ابن ابن,,,
175,زوجة، جدة، بنت ابن، عم,زوجة | جدة | بنت ابن | عم,,,
176,زوجة، جدة، بنت ابن، ابن ابن,زوجة | جدة | بنت ابن | ابن ابن,,,
177,زوج، أم، بنت ابن، أب,زوج | أم | بنت ابن | أب,,,
178,زوج، أم، أب، بنت ابن، ابن ابن,زوج | أم | أب | بنت ابن | ابن ابن,,,
179,زوجة، أم، بنت ابن، أب,زوجة | أم | بنت ابن | أب,,,
180,زوجة، أم، أب، بنت ابن، ابن ابن,زوجة | أم | أب | بنت ابن | ابن ابن,,,
181,زوج، أم، بنت ابن، جد,زوج | أم | بنت ابن | جد,,,
182,زوج، أم، جد، بنت ابن، ابن ابن,زوج | أم | جد | بنت ابن | ابن ابن,,,
183,زوجة، أم، بنت ابن، جد,زوجة | أم | بنت ابن | جد,,,
184,زوجة، أم، جد، بنت ابن، ابن ابن,زوجة | أم | جد | بنت ابن | ابن ابن,,,
185,زوج، جدة، بنت ابن، أب,زوج | جدة | بنت ابن | أب,,,
186,زوج، جدة، أب، بنت ابن، ابن ابن,زوج | جدة | أب | بنت ابن | ابن ابن,,,
187,زوجة، جدة، بنت ابن، أب,زوجة | جدة | بنت ابن | أب,,,
188,زوجة، جدة، أب، بنت ابن، ابن ابن,زوجة | جدة | أب | بنت ابن | ابن ابن,,,
189,زوج، جدة، بنت ابن، جد,زوج | جدة | بنت ابن | جد,,,
190,زوج، جدة، جد، بنت ابن، ابن ابن,زوج | جدة | جد | بنت ابن | ابن ابن,,,
191,زوجة، جدة، بنت ابن، جد,زوجة | جدة | بنت ابن | جد,,,
192,زوجة، جدة، جد، بنت ابن، ابن ابن,زوجة | جدة | جد | بنت ابن | ابن ابن,,,
193,بنات ابن، عم,بنات ابن | عم,,,
194,بنات ابن، ابن ابن,بنات ابن | ابن ابن,,,
195,زوج، بنات ابن، عم,زوج | بنات ابن | عم,,,
196,زوجة، بنات ابن، عم,زوجة | بنات ابن | عم,,,
197,زوج، بنات ابن، ابن ابن,زوج | بنات ابن | ابن ابن,,,
198,زوجة، بنات ابن، ابن ابن,زوجة | بنات ابن | ابن ابن,,,
199,بنات ابن، أب,بنات ابن | أب,,,
200,أب، بنات ابن، ابن ابن,أب | بنات ابن | ابن ابن,,,
201,بنات ابن، أم، عم,بنات ابن | أم | عم,,,
202,بنات ابن، أم، ابن ابن,بنات ابن | أم | ابن ابن,,,
203,بنات ابن، جد,بنات ابن | جد,,,
204,بنات ابن، جد، ابن ابن,بنات ابن | جد | ابن ابن,,,
205,بنات ابن، جدة، عم,بنات ابن | جدة | عم,,,
206,بنات ابن، جدة، ابن ابن,بنات ابن | جدة | ابن ابن,,,
207,زوج، بنات ابن، أب,زوج | بنات ابن | أب,,,
208,زوج، أب، بنات ابن، ابن ابن,زوج | أب | بنات ابن | ابن ابن,,,
209,زوجة، بنات ابن، أب,زوجة | بنات ابن | أب,,,
210,زوجة، أب، بنات ابن، ابن ابن,زوجة | أب | بنات ابن | ابن ابن,,,
211,زوج، أم، بنات ابن، عم,زوج | أم | بنات ابن | عم,,,
212,زوج، أم، بنات ابن، ابن ابن,زوج | أم | بنات ابن | ابن ابن,,,
213,زوجة، أم، بنات ابن، عم,زوجة | أم | بنات ابن | عم,,,
214,زوجة، أم، بنات ابن، ابن ابن,زوجة | أم | بنات ابن | ابن ابن,,,
215,زوج، بنات ابن، جد,زوج | بنات ابن | جد,,,
216,زوج، جد، بنات ابن، ابن ابن,زوج | جد | بنات ابن | ابن ابن,,,
217,زوجة، بنات ابن، جد,زوجة | بنات ابن | جد,,,
218,زوجة، جد، بنات ابن، ابن ابن,زوجة | جد | بنات ابن | ابن ابن,,,
219,زوج، جدة، بنات ابن، عم,زوج | جدة | بنات ابن | عم,,,
220,زوج، جدة، بنات ابن، ابن ابن,زوج | جدة | بنات ابن | ابن ابن,,,
221,زوجة، جدة، بنات ابن، عم,زوجة | جدة | بنات ابن | عم,,,
222,زوجة، جدة، بنات ابن، ابن ابن,زوجة | جدة | بنات ابن | ابن ابن,,,
223,زوج، أم، بنات ابن، أب,زوج | أم | بنات ابن | أب,,,
224,زوج، أم، أب، بنات ابن، ابن ابن,زوج | أم | أب | بنات ابن | ابن ابن,,,
225,زوجة، أم، بنات ابن، أب,زوجة | أم | بنات ابن | أب,,,
226,زوجة، أم، أب، بنات ابن، ابن ابن,زوجة | أم | أب | بنات ابن | ابن ابن,,,
227,زوج، أم، بنات ابن، جد,زوج | أم | بنات ابن | جد,,,
228,زوج، أم، جد، بنات ابن، ابن ابن,زوج | أم | جد | بنات ابن | ابن ابن,,,
229,زوجة، أم، بنات ابن، جد,زوجة | أم | بنات ابن | جد,,,
230,زوجة، أم، جد، بنات ابن، ابن ابن,زوجة | أم | جد | بنات ابن | ابن ابن,,,
231,زوج، جدة، بنات ابن، أب,زوج | جدة | بنات ابن | أب,,,
232,زوج، جدة، أب، بنات ابن، ابن ابن,زوج | جدة | أب | بنات ابن | ابن ابن,,,
233,زوجة، جدة، بنات ابن، أب,زوجة | جدة | بنات ابن | أب,,,
234,زوجة، جدة، أب، بنات ابن، ابن ابن,زوجة | جدة | أب | بنات ابن | ابن ابن,,,
235,زوج، جدة، بنات ابن، جد,زوج | جدة | بنات ابن | جد,,,
236,زوج، جدة، جد، بنات ابن، ابن ابن,زوج | جدة | جد | بنات ابن | ابن ابن,,,
237,زوجة، جدة، بنات ابن، جد,زوجة | جدة | بنات ابن | جد,,,
238,زوجة، جدة، جد، بنات ابن، ابن ابن,زوجة | جدة | جد | بنات ابن | ابن ابن,,,
239,بنت، بنت ابن، عم,بنت | بنت ابن | عم,,,
240,بنت، بنت ابن، ابن ابن,بنت | بنت ابن | ابن ابن,,,
241,زوج، بنت، بنت ابن، عم,زوج | بنت | بنت ابن | عم,,,
242,زوجة، بنت، بنت ابن، عم,زوجة | بنت | بنت ابن | عم,,,
243,زوج، بنت، بنت ابن، ابن ابن,زوج | بنت | بنت ابن | ابن ابن,,,
244,زوجة، بنت، بنت ابن، ابن ابن,زوجة | بنت | بنت ابن | ابن ابن,,,
245,بنت، بنت ابن، أب,بنت | بنت ابن | أب,,,
246,أب، بنت، بنت ابن، ابن ابن,أب | بنت | بنت ابن | ابن ابن,,,
247,بنت، بنت ابن، أم، عم,بنت | بنت ابن | أم | عم,,,
248,بنت، بنت ابن، أم، ابن ابن,بنت | بنت ابن | أم | ابن ابن,,,
249,بنت، بنت ابن، جد,بنت | بنت ابن | جد,,,
250,بنت، بنت ابن، جد، ابن ابن,بنت | بنت ابن | جد | ابن ابن,,,
251,بنت، بنت ابن، جدة، عم,بنت | بنت ابن | جدة | عم,,,
252,بنت، بنت ابن، جدة، ابن ابن,بنت | بنت ابن | جدة | ابن ابن,,,
253,زوج، بنت، بنت ابن، أب,زوج | بنت | بنت ابن | أب,,,
254,زوج، أب، بنت، بنت ابن، ابن ابن,زوج | أب | بنت | بنت ابن | ابن ابن,,,
255,زوجة، بنت، بنت ابن، أب,زوجة | بنت | بنت ابن | أب,,,
256,زوجة، أب، بنت، بنت ابن، ابن ابن,زوجة | أب | بنت | بنت ابن | ابن ابن,,,
257,زوج، أم، بنت، بنت ابن، عم,زوج | أم | بنت | بنت ابن | عم,,,
258,زوج، أم، بنت، بنت ابن، ابن ابن,زوج | أم | بنت | بنت ابن | ابن ابن,,,
259,زوجة، أم، بنت، بنت ابن، عم,زوجة | أم | بنت | بنت ابن | عم,,,
260,زوجة، أم، بنت، بنت ابن، ابن ابن,زوجة | أم | بنت | بنت ابن | ابن ابن,,,
261,زوج، بنت، بنت ابن، جد,زوج | بنت | بنت ابن | جد,,,
262,زوج، جد، بنت، بنت ابن، ابن ابن,زوج | جد | بنت | بنت ابن | ابن ابن,,,
263,زوجة، بنت، بنت ابن، جد,زوجة | بنت | بنت ابن | جد,,,
264,زوجة، جد، بنت، بنت ابن، ابن ابن,زوجة | جد | بنت | بنت ابن | ابن ابن,,,
265,زوج، جدة، بنت، بنت ابن، عم,زوج | جدة | بنت | بنت ابن | عم,,,
266,زوج، جدة، بنت، بنت ابن، ابن ابن,زوج | جدة | بنت | بنت ابن | ابن ابن,,,
267,زوجة، جدة، بنت، بنت ابن، عم,زوجة | جدة | بنت | بنت ابن | عم,,,
268,زوجة، جدة، بنت، بنت ابن، ابن ابن,زوجة | جدة | بنت | بنت ابن | ابن ابن,,,
269,زوج، أم، بنت، بنت ابن، أب,زوج | أم | بنت | بنت ابن | أب,,,
270,زوج، أم، أب، بنت، بنت ابن، ابن ابن,زوج | أم | أب | بنت | بنت ابن | ابن ابن,,,
271,زوجة، أم، بنت، بنت ابن، أب,زوجة | أم | بنت | بنت ابن | أب,,,
272,زوجة، أم، أب، بنت، بنت ابن، ابن ابن,زوجة | أم | أب | بنت | بنت ابن | ابن ابن,,,
273,زوج، أم، بنت، بنت ابن، جد,زوج | أم | بنت | بنت ابن | جد,,,
274,زوج، أم، جد، بنت، بنت ابن، ابن ابن,زوج | أم | جد | بنت | بنت ابن | ابن ابن,,,
275,زوجة، أم، بنت، بنت ابن، جد,زوجة | أم | بنت | بنت ابن | جد,,,
276,زوجة، أم، جد، بنت، بنت ابن، ابن ابن,زوجة | أم | جد | بنت | بنت ابن | ابن ابن,,,
277,زوج، جدة، بنت، بنت ابن، أب,زوج | جدة | بنت | بنت ابن | أب,,,
278,زوج، جدة، أب، بنت، بنت ابن، ابن ابن,زوج | جدة | أب | بنت | بنت ابن | ابن ابن,,,
279,زوجة، جدة، بنت، بنت ابن، أب,زوجة | جدة | بنت | بنت ابن | أب,,,
280,زوجة، جدة، أب، بنت، بنت ابن، ابن ابن,زوجة | جدة | أب | بنت | بنت ابن | ابن ابن,,,
281,زوج، جدة، بنت، بنت ابن، جد,زوج | جدة | بنت | بنت ابن | جد,,,
282,زوج، جدة، جد، بنت، بنت ابن، ابن ابن,زوج | جدة | جد | بنت | بنت ابن | ابن ابن,,,
283,زوجة، جدة، بنت، بنت ابن، جد,زوجة | جدة | بنت | بنت ابن | جد,,,
284,زوجة، جدة، جد، بنت، بنت ابن، ابن ابن,زوجة | جدة | جد | بنت | بنت ابن | ابن ابن,,,
285,بنت، بنات ابن، عم,بنت | بنات ابن | عم,,,
286,بنت، بنات ابن، ابن ابن,بنت | بنات ابن | ابن ابن,,,
287,زوج، بنت، بنات ابن، عم,زوج | بنت | بنات ابن | عم,,,
288,زوجة، بنت، بنات ابن، عم,زوجة | بنت | بنات ابن | عم,,,
289,زوج، بنت، بنات ابن، ابن ابن,زوج | بنت | بنات ابن | ابن ابن,,,
290,زوجة، بنت، بنات ابن، ابن ابن,زوجة | بنت | بنات ابن | ابن ابن,,,
291,بنت، بنات ابن، أب,بنت | بنات ابن | أب,,,
292,أب، بنت، بنات ابن، ابن ابن,أب | بنت | بنات ابن | ابن ابن,,,
293,بنت، بنات ابن، أم، عم,بنت | بنات ابن | أم | عم,,,
294,بنت، بنات ابن، أم، ابن ابن,بنت | بنات ابن | أم | ابن ابن,,,
295,بنت، بنات ابن، جد,بنت | بنات ابن | جد,,,
296,بنت، بنات ابن، جد، ابن ابن,بنت | بنات ابن | جد | ابن ابن,,,
297,بنت، بنات ابن، جدة، عم,بنت | بنات ابن | جدة | عم,,,
298,بنت، بنات ابن، جدة، ابن ابن,بنت | بنات ابن | جدة | ابن ابن,,,
299,زوج، بنت، بنات ابن، أب,زوج | بنت | بنات ابن | أب,,,
300,زوج، أب، بنت، بنات ابن، ابن ابن,زوج | أب | بنت | بنات ابن | ابن ابن,,,
301,زوجة، بنت، بنات ابن، أب,زوجة | بنت | بنات ابن | أب,,,
302,زوجة، أب، بنت، بنات ابن، ابن ابن,زوجة | أب | بنت | بنات ابن | ابن ابن,,,
303,زوج، أم، بنت، بنات ابن، عم,زوج | أم | بنت | بنات ابن | عم,,,
304,زوج، أم، بنت، بنات ابن، ابن ابن,زوج | أم | بنت | بنات ابن | ابن ابن,,,
305,زوجة، أم، بنت، بنات ابن، عم,زوجة | أم | بنت | بنات ابن | عم,,,
306,زوجة، أم، بنت، بنات ابن، ابن ابن,زوجة | أم | بنت | بنات ابن | ابن ابن,,,
307,زوج، بنت، بنات ابن، جد,زوج | بنت | بنات ابن | جد,,,
308,زوج، جد، بنت، بنات ابن، ابن ابن,زوج | جد | بنت | بنات ابن | ابن ابن,,,
309,زوجة، بنت، بنات ابن، جد,زوجة | بنت | بنات ابن | جد,,,
310,زوجة، جد، بنت، بنات ابن، ابن ابن,زوجة | جد | بنت | بنات ابن | ابن ابن,,,
311,زوج، جدة، بنت، بنات ابن، عم,زوج | جدة | بنت | بنات ابن | عم,,,
312,زوج، جدة، بنت، بنات ابن، ابن ابن,زوج | جدة | بنت | بنات ابن | ابن ابن,,,
313,زوجة، جدة، بنت، بنات ابن، عم,زوجة | جدة | بنت | بنات ابن | عم,,,
314,زوجة، جدة، بنت، بنات ابن، ابن ابن,زوجة | جدة | بنت | بنات ابن | ابن ابن,,,
315,زوج، أم، بنت، بنات ابن، أب,زوج | أم | بنت | بنات ابن | أب,,,
316,زوج، أم، أب، بنت، بنات ابن، ابن ابن,زوج | أم | أب | بنت | بنات ابن | ابن ابن,,,
317,زوجة، أم، بنت، بنات ابن، أب,زوجة | أم | بنت | بنات ابن | أب,,,
318,زوجة، أم، أب، بنت، بنات ابن، ابن ابن,زوجة | أم | أب | بنت | بنات ابن | ابن ابن,,,
319,زوج، أم، بنت، بنات ابن، جد,زوج | أم | بنت | بنات ابن | جد,,,
320,زوج، أم، جد، بنت، بنات ابن، ابن ابن,زوج | أم | جد | بنت | بنات ابن | ابن ابن,,,
321,زوجة، أم، بنت، بنات ابن، جد,زوجة | أم | بنت | بنات ابن | جد,,,
322,زوجة، أم، جد، بنت، بنات ابن، ابن ابن,زوجة | أم | جد | بنت | بنات ابن | ابن ابن,,,
323,زوج، جدة، بنت، بنات ابن، أب,زوج | جدة | بنت | بنات ابن | أب,,,
324,زوج، جدة، أب، بنت، بنات ابن، ابن ابن,زوج | جدة | أب | بنت | بنات ابن | ابن ابن,,,
325,زوجة، جدة، بنت، بنات ابن، أب,زوجة | جدة | بنت | بنات ابن | أب,,,
326,زوجة، جدة، أب، بنت، بنات ابن، ابن ابن,زوجة | جدة | أب | بنت | بنات ابن | ابن ابن,,,
327,زوج، جدة، بنت، بنات ابن، جد,زوج | جدة | بنت | بنات ابن | جد,,,
328,زوج، جدة، جد، بنت، بنات ابن، ابن ابن,زوج | جدة | جد | بنت | بنات ابن | ابن ابن,,,
329,زوجة، جدة، بنت، بنات ابن، جد,زوجة | جدة | بنت | بنات ابن | جد,,,
330,زوجة، جدة، جد، بنت، بنات ابن، ابن ابن,زوجة | جدة | جد | بنت | بنات ابن | ابن ابن,,,
331,شقيقة/شقائق,شقيقة/شقائق,,,
332,شقيقة، عم,شقيقة | عم,,,
333,شقيقة، شقيق,شقيقة | شقيق,,,
334,زوج، شقيقة، عم,زوج | شقيقة | عم,,,
335,زوجة، شقيقة، عم,زوجة | شقيقة | عم,,,
336,زوج، شقيقة، شقيق,زوج | شقيقة | شقيق,,,
337,زوجة، شقيقة، شقيق,زوجة | شقيقة | شقيق,,,
338,شقيقة، أم، عم,شقيقة | أم | عم,,,
339,شقيقة، أم، شقيق,شقيقة | أم | شقيق,,,
340,شقيقة، جد,شقيقة | جد,,,
341,شقيقة، جد، شقيق,شقيقة | جد | شقيق,,,
342,شقيقة، جدة، عم,شقيقة | جدة | عم,,,
343,شقيقة، جدة، شقيق,شقيقة | جدة | شقيق,,,
344,زوج، أم، شقيقة، عم,زوج | أم | شقيقة | عم,,,
345,زوج، أم، شقيقة، شقيق,زوج | أم | شقيقة | شقيق,,,
346,زوجة، أم، شقيقة، عم,زوجة | أم | شقيقة | عم,,,
347,زوجة، أم، شقيقة، شقيق,زوجة | أم | شقيقة | شقيق,,,
348,زوج، شقيقة، جد,زوج | شقيقة | جد,,,
349,زوج، جد، شقيقة، شقيق,زوج | جد | شقيقة | شقيق,,,
350,زوجة، شقيقة، جد,زوجة | شقيقة | جد,,,
351,زوجة، جد، شقيقة، شقيق,زوجة | جد | شقيقة | شقيق,,,
352,زوج، جدة، شقيقة، عم,زوج | جدة | شقيقة | عم,,,
353,زوج، جدة، شقيقة، شقيق,زوج | جدة | شقيقة | شقيق,,,
354,زوجة، جدة، شقيقة، عم,زوجة | جدة | شقيقة | عم,,,
355,زوجة، جدة، شقيقة، شقيق,زوجة | جدة | شقيقة | شقيق,,,
356,زوج، أم، شقيقة، جد,زوج | أم | شقيقة | جد,,,
357,زوج، أم، جد، شقيقة، شقيق,زوج | أم | جد | شقيقة | شقيق,,,
358,زوجة، أم، شقيقة، جد,زوجة | أم | شقيقة | جد,,,
359,زوجة، أم، جد، شقيقة، شقيق,زوجة | أم | جد | شقيقة | شقيق,,,
360,زوج، جدة، شقيقة، جد,زوج | جدة | شقيقة | جد,,,
361,زوج، جدة، جد، شقيقة، شقيق,زوج | جدة | جد | شقيقة | شقيق,,,
362,زوجة، جدة، شقيقة، جد,زوجة | جدة | شقيقة | جد,,,
363,زوجة، جدة، جد، شقيقة، شقيق,زوجة | جدة | جد | شقيقة | شقيق,,,
364,شقائق، عم,شقائق | عم,,,
365,شقائق، شقيق,شقائق | شقيق,,,
366,زوج، شقائق، عم,زوج | شقائق | عم,,,
367,زوجة، شقائق، عم,زوجة | شقائق | عم,,,
368,زوج، شقائق، شقيق,زوج | شقائق | شقيق,,,
369,زوجة، شقائق، شقيق,زوجة | شقائق | شقيق,,,
370,شقائق، أم، عم,شقائق | أم | عم,,,
371,شقائق، أم، شقيق,شقائق | أم | شقيق,,,
372,شقائق، جد,شقائق | جد,,,
373,شقائق، جد، شقيق,شقائق | جد | شقيق,,,
374,شقائق، جدة، عم,شقائق | جدة | عم,,,
375,شقائق، جدة، شقيق,شقائق | جدة | شقيق,,,
376,زوج، أم، شقائق، عم,زوج | أم | شقائق | عم,,,
377,زوج، أم، شقائق، شقيق,زوج | أم | شقائق | شقيق,,,
378,زوجة، أم، شقائق، عم,زوجة | أم | شقائق | عم,,,
379,زوجة، أم، شقائق، شقيق,زوجة | أم | شقائق | شقيق,,,
380,زوج، شقائق، جد,زوج | شقائق | جد,,,
381,زوج، جد، شقائق، شقيق,زوج | جد | شقائق | شقيق,,,
382,زوجة، شقائق، جد,زوجة | شقائق | جد,,,
383,زوجة، جد، شقائق، شقيق,زوجة | جد | شقائق | شقيق,,,
384,زوج، جدة، شقائق، عم,زوج | جدة | شقائق | عم,,,
385,زوج، جدة، شقائق، شقيق,زوج | جدة | شقائق | شقيق,,,
386,زوجة، جدة، شقائق، عم,زوجة | جدة | شقائق | عم,,,
387,زوجة، جدة، شقائق، شقيق,زوجة | جدة | شقائق | شقيق,,,
388,زوج، أم، أب، شقائق، شقيق,زوج | أم | أب | شقائق | شقيق,,,
389,زوجة، أم، أب، شقائق، شقيق,زوجة | أم | أب | شقائق | شقيق,,,
390,زوج، أم، شقائق، جد,زوج | أم | شقائق | جد,,,
391,زوج، أم، جد، شقائق، شقيق,زوج | أم | جد | شقائق | شقيق,,,
392,زوجة، أم، شقائق، جد,زوجة | أم | شقائق | جد,,,
393,زوجة، أم، جد، شقائق، شقيق,زوجة | أم | جد | شقائق | شقيق,,,
394,زوج، جدة، أب، شقائق، شقيق,زوج | جدة | أب | شقائق | شقيق,,,
395,زوجة، جدة، أب، شقائق، شقيق,زوجة | جدة | أب | شقائق | شقيق,,,
396,زوج، جدة، شقائق، جد,زوج | جدة | شقائق | جد,,,
397,زوج، جدة، جد، شقائق، شقيق,زوج | جدة | جد | شقائق | شقيق,,,
398,زوجة، جدة، شقائق، جد,زوجة | جدة | شقائق | جد,,,
399,زوجة، جدة، جد، شقائق، شقيق,زوجة | جدة | جد | شقائق | شقيق,,,
400,بنت، شقائق,بنت | شقائق,,,
401,بنت، شقائق، شقيق,بنت | شقائق | شقيق,,,
402,زوج، بنت،  شقائق,زوج | بنت | شقائق,,,
403,زوجة، بنت، شقائق,زوجة | بنت | شقائق,,,
404,زوج، بنت، شقائق، شقيق,زوج | بنت | شقائق | شقيق,,,
405,زوجة، بنت، شقائق، شقيق,زوجة | بنت | شقائق | شقيق,,,
406,شقائق، بنت، أم,شقائق | بنت | أم,,,
407,بنت، شقائق، أم، شقيق,بنت | شقائق | أم | شقيق,,,
408,بنت، شقائق، جد,بنت | شقائق | جد,,,
409,بنت، شقائق، جد، شقيق,بنت | شقائق | جد | شقيق,,,
410,بنت، شقائق، جدة,بنت | شقائق | جدة,,,
411,بنت، شقائق، جدة، شقيق,بنت | شقائق | جدة | شقيق,,,
412,زوج، أم، بنت، شقائق,زوج | أم | بنت | شقائق,,,
413,زوج، أم، بنت، شقائق، شقيق,زوج | أم | بنت | شقائق | شقيق,,,
414,زوجة، أم، بنت، شقائق,زوجة | أم | بنت | شقائق,,,
415,زوجة، أم، بنت، شقائق، شقيق,زوجة | أم | بنت | شقائق | شقيق,,,
416,زوج، بنت، شقائق، جد,زوج | بنت | شقائق | جد,,,
417,زوج، جد، بنت، شقائق، شقيق,زوج | جد | بنت | شقائق | شقيق,,,
418,زوجة، بنت، شقائق، جد,زوجة | بنت | شقائق | جد,,,
419,زوجة، جد، بنت، شقائق، شقيق,زوجة | جد | بنت | شقائق | شقيق,,,
420,زوج، جدة، بنت، شقائق، عم,زوج | جدة | بنت | شقائق | عم,,,
421,زوج، جدة، بنت، شقائق، شقيق,زوج | جدة | بنت | شقائق | شقيق,,,
422,زوجة، جدة، بنت، شقائق,زوجة | جدة | بنت | شقائق,,,
423,زوجة، جدة، بنت، شقائق، شقيق,زوجة | جدة | بنت | شقائق | شقيق,,,
424,زوج، أم، بنت، شقائق، جد,زوج | أم | بنت | شقائق | جد,,,
425,زوج، أم، بنت، جد، شقائق، شقيق,زوج | أم | بنت | جد | شقائق | شقيق,,,
426,زوجة، أم، بنت، شقائق، جد,زوجة | أم | بنت | شقائق | جد,,,
427,زوجة، أم، جد، بنت، شقائق، شقيق,زوجة | أم | جد | بنت | شقائق | شقيق,,,
428,زوج، جدة، بنت، شقائق، جد,زوج | جدة | بنت | شقائق | جد,,,
429,زوج، جدة، جد، بنت، شقائق، شقيق,زوج | جدة | جد | بنت | شقائق | شقيق,,,
430,زوجة، جدة، بنت، شقائق، جد,زوجة | جدة | بنت | شقائق | جد,,,
431,زوجة، جدة، جد، بنت، شقائق، شقيق,زوجة | جدة | جد | بنت | شقائق | شقيق,,,
432,أخت لأب/أخوات لأب,أخت لأب/أخوات لأب,,,
433,أخت لأب/أخوات لأب,أخت لأب/أخوات لأب,,,
434,أخت لأب، عم,أخت لأب | عم,,,
435,أخت لأب، أخ لأب,أخت لأب | أخ لأب,,,
436,زوج، أخت لأب، عم,زوج | أخت لأب | عم,,,
437,زوجة، أخت لأب، عم,زوجة | أخت لأب | عم,,,
438,زوج، أخت لأب، أخ لأب,زوج | أخت لأب | أخ لأب,,,
439,زوجة، أخت لأب، أخ لأب,زوجة | أخت لأب | أخ لأب,,,
440,أخت لأب، أم، عم,أخت لأب | أم | عم,,,
441,أخت لأب، أم، أخ لأب,أخت لأب | أم | أخ لأب,,,
442,أخت لأب، جد,أخت لأب | جد,,,
443,أخت لأب، جد، أخ لأب,أخت لأب | جد | أخ لأب,,,
444,أخت لأب، جدة، عم,أخت لأب | جدة | عم,,,
445,أخت لأب، جدة، أخ لأب,أخت لأب | جدة | أخ لأب,,,
446,زوج، أم، أخت لأب، عم,زوج | أم | أخت لأب | عم,,,
447,زوج، أم، أخت لأب، أخ لأب,زوج | أم | أخت لأب | أخ لأب,,,
448,زوجة، أم، أخت لأب، عم,زوجة | أم | أخت لأب | عم,,,
449,زوجة، أم، أخت لأب، أخ لأب,زوجة | أم | أخت لأب | أخ لأب,,,
450,زوج، أخت لأب، جد,زوج | أخت لأب | جد,,,
451,زوج، جد، أخت لأب، أخ لأب,زوج | جد | أخت لأب | أخ لأب,,,
452,زوجة، أخت لأب، جد,زوجة | أخت لأب | جد,,,
453,زوجة، جد، أخت لأب، أخ لأب,زوجة | جد | أخت لأب | أخ لأب,,,
454,زوج، جدة، أخت لأب، عم,زوج | جدة | أخت لأب | عم,,,
455,زوج، جدة، أخت لأب، أخ لأب,زوج | جدة | أخت لأب | أخ لأب,,,
456,زوجة، جدة، أخت لأب، عم,زوجة | جدة | أخت لأب | عم,,,
457,زوجة، جدة، أخت لأب، أخ لأب,زوجة | جدة | أخت لأب | أخ لأب,,,
458,زوج، أم، أخت لأب، جد,زوج | أم | أخت لأب | جد,,,
459,زوج، أم، جد، أخت لأب، أخ لأب,زوج | أم | جد | أخت لأب | أخ لأب,,,
460,زوجة، أم، أخت لأب، جد,زوجة | أم | أخت لأب | جد,,,
461,زوجة، أم، جد، أخت لأب، أخ لأب,زوجة | أم | جد | أخت لأب | أخ لأب,,,
462,زوج، جدة، أخت لأب، جد,زوج | جدة | أخت لأب | جد,,,
463,زوج، جدة، جد، أخت لأب، أخ لأب,زوج | جدة | جد | أخت لأب | أخ لأب,,,
464,زوجة، جدة، أخت لأب، جد,زوجة | جدة | أخت لأب | جد,,,
465,زوجة، جدة، جد، أخت لأب، أخ لأب,زوجة | جدة | جد | أخت لأب | أخ لأب,,,
466,أخوات لأب، عم,أخوات لأب | عم,,,
467,أخوات لأب، أخ لأب,أخوات لأب | أخ لأب,,,
468,زوج، أخوات لأب، عم,زوج | أخوات لأب | عم,,,
469,زوجة، أخوات لأب، عم,زوجة | أخوات لأب | عم,,,
470,زوج، أخوات لأب، أخ لأب,زوج | أخوات لأب | أخ لأب,,,
471,زوجة، أخوات لأب، أخ لأب,زوجة | أخوات لأب | أخ لأب,,,
472,أخوات لأب، أم، عم,أخوات لأب | أم | عم,,,
473,أخوات لأب، أم، أخ لأب,أخوات لأب | أم | أخ لأب,,,
474,أخوات لأب، جد,أخوات لأب | جد,,,
475,أخوات لأب، جد، أخ لأب,أخوات لأب | جد | أخ لأب,,,
476,أخوات لأب، جدة، عم,أخوات لأب | جدة | عم,,,
477,أخوات لأب، جدة، أخ لأب,أخوات لأب | جدة | أخ لأب,,,
478,زوج، أب، أخوات لأب، أخ لأب,زوج | أب | أخوات لأب | أخ لأب,,,
479,زوج، أم، أخوات لأب، عم,زوج | أم | أخوات لأب | عم,,,
480,زوج، أم، أخوات لأب، أخ لأب,زوج | أم | أخوات لأب | أخ لأب,,,
481,زوجة، أم، أخوات لأب، عم,زوجة | أم | أخوات لأب | عم,,,
482,زوجة، أم، أخوات لأب، أخ لأب,زوجة | أم | أخوات لأب | أخ لأب,,,
483,زوج، أخوات لأب، جد,زوج | أخوات لأب | جد,,,
484,زوج، جد، أخوات لأب، أخ لأب,زوج | جد | أخوات لأب | أخ لأب,,,
485,زوجة، أخوات لأب، جد,زوجة | أخوات لأب | جد,,,
486,زوجة، جد، أخوات لأب، أخ لأب,زوجة | جد | أخوات لأب | أخ لأب,,,
487,زوج، جدة، أخوات لأب، عم,زوج | جدة | أخوات لأب | عم,,,
488,زوج، جدة، أخوات لأب، أخ لأب,زوج | جدة | أخوات لأب | أخ لأب,,,
489,زوجة، جدة، أخوات لأب، عم,زوجة | جدة | أخوات لأب | عم,,,
490,زوجة، جدة، أخوات لأب، أخ لأب,زوجة | جدة | أخوات لأب | أخ لأب,,,
491,زوج، أم، أب، أخوات لأب، أخ لأب,زوج | أم | أب | أخوات لأب | أخ لأب,,,
492,زوجة، أم، أب، أخوات لأب، أخ لأب,زوجة | أم | أب | أخوات لأب | أخ لأب,,,
493,زوج، أم، أخوات لأب، جد,زوج | أم | أخوات لأب | جد,,,
494,زوج، أم، جد، أخوات لأب، أخ لأب,زوج | أم | جد | أخوات لأب | أخ لأب,,,
495,زوجة، أم، أخوات لأب، جد,زوجة | أم | أخوات لأب | جد,,,
496,زوجة، أم، جد، أخوات لأب، أخ لأب,زوجة | أم | جد | أخوات لأب | أخ لأب,,,
497,زوج، جدة، أب، أخوات لأب، أخ لأب,زوج | جدة | أب | أخوات لأب | أخ لأب,,,
498,زوجة، جدة، أب، أخوات لأب، أخ لأب,زوجة | جدة | أب | أخوات لأب | أخ لأب,,,
499,زوج، جدة، أخوات لأب، جد,زوج | جدة | أخوات لأب | جد,,,
500,زوج، جدة، جد، أخوات لأب، أخ لأب,زوج | جدة | جد | أخوات لأب | أخ لأب,,,
501,زوجة، جدة، أخوات لأب، جد,زوجة | جدة | أخوات لأب | جد,,,
502,زوجة، جدة، جد، أخوات لأب، أخ لأب,زوجة | جدة | جد | أخوات لأب | أخ لأب,,,
503,بنت، أخوات لأب,بنت | أخوات لأب,,,
504,بنت، أخوات لأب، أخ لأب,بنت | أخوات لأب | أخ لأب,,,
505,زوج، بنت،  أخوات لأب,زوج | بنت | أخوات لأب,,,
506,زوجة، بنت، أخوات لأب,زوجة | بنت | أخوات لأب,,,
507,زوج، بنت، أخوات لأب، أخ لأب,زوج | بنت | أخوات لأب | أخ لأب,,,
508,زوجة، بنت، أخوات لأب، أخ لأب,زوجة | بنت | أخوات لأب | أخ لأب,,,
509,أخوات لأب، بنت، أم,أخوات لأب | بنت | أم,,,
510,بنت، أخوات لأب، أم، أخ لأب,بنت | أخوات لأب | أم | أخ لأب,,,
511,بنت، أخوات لأب، جد,بنت | أخوات لأب | جد,,,
512,بنت، أخوات لأب، جد، أخ لأب,بنت | أخوات لأب | جد | أخ لأب,,,
513,بنت، أخوات لأب، جدة,بنت | أخوات لأب | جدة,,,
514,بنت، أخوات لأب، جدة، أخ لأب,بنت | أخوات لأب | جدة | أخ لأب,,,
515,زوج، أم، بنت، أخوات لأب,زوج | أم | بنت | أخوات لأب,,,
516,زوج، أم، بنت، أخوات لأب، أخ لأب,زوج | أم | بنت | أخوات لأب | أخ لأب,,,
517,زوجة، أم، بنت، أخوات لأب,زوجة | أم | بنت | أخوات لأب,,,
518,زوجة، أم، بنت، أخوات لأب، أخ لأب,زوجة | أم | بنت | أخوات لأب | أخ لأب,,,
519,زوج، بنت، أخوات لأب، جد,زوج | بنت | أخوات لأب | جد,,,
520,زوج، جد، بنت، أخوات لأب، أخ لأب,زوج | جد | بنت | أخوات لأب | أخ لأب,,,
521,زوجة، بنت، أخوات لأب، جد,زوجة | بنت | أخوات لأب | جد,,,
522,زوجة، جد، بنت، أخوات لأب، أخ لأب,زوجة | جد | بنت | أخوات لأب | أخ لأب,,,
523,زوج، جدة، بنت، أخوات لأب، عم,زوج | جدة | بنت | أخوات لأب | عم,,,
524,زوج، جدة، بنت، أخوات لأب، أخ لأب,زوج | جدة | بنت | أخوات لأب | أخ لأب,,,
525,زوجة، جدة، بنت، أخوات لأب,زوجة | جدة | بنت | أخوات لأب,,,
526,زوجة، جدة، بنت، أخوات لأب، أخ لأب,زوجة | جدة | بنت | أخوات لأب | أخ لأب,,,
527,زوج، أم، بنت، أخوات لأب، جد,زوج | أم | بنت | أخوات لأب | جد,,,
528,زوج، أم، بنت، جد، أخوات لأب، أخ لأب,زوج | أم | بنت | جد | أخوات لأب | أخ لأب,,,
529,زوجة، أم، بنت، أخوات لأب، جد,زوجة | أم | بنت | أخوات لأب | جد,,,
530,زوجة، أم، جد، بنت، أخوات لأب، أخ لأب,زوجة | أم | جد | بنت | أخوات لأب | أخ لأب,,,
531,زوج، جدة، بنت، أخوات لأب، جد,زوج | جدة | بنت | أخوات لأب | جد,,,
532,زوج، جدة، جد، بنت، أخوات لأب، أخ لأب,زوج | جدة | جد | بنت | أخوات لأب | أخ لأب,,,
533,زوجة، جدة، بنت، أخوات لأب، جد,زوجة | جدة | بنت | أخوات لأب | جد,,,
534,زوجة، جدة، جد، بنت، أخوات لأب، أخ لأب,زوجة | جدة | جد | بنت | أخوات لأب | أخ لأب,,,
535,ولد الأم/أولاد الأم,ولد الأم/أولاد الأم,,,
536,ولد الأم، عم,ولد الأم | عم,,,
537,زوج، ولد الأم، عم,زوج | ولد الأم | عم,,,
538,زوجة، ولد الأم، عم,زوجة | ولد الأم | عم,,,
539,ولد الأم، أم، عم,ولد الأم | أم | عم,,,
540,ولد الأم، جد,ولد الأم | جد,,,
541,ولد الأم، جدة، عم,ولد الأم | جدة | عم,,,
542,زوج، أم، ولد الأم، عم,زوج | أم | ولد الأم | عم,,,
543,زوجة، أم، ولد الأم، عم,زوجة | أم | ولد الأم | عم,,,
544,زوج، ولد الأم، جد,زوج | ولد الأم | جد,,,
545,زوجة، ولد الأم، جد,زوجة | ولد الأم | جد,,,
546,زوج، جدة، ولد الأم، عم,زوج | جدة | ولد الأم | عم,,,
547,زوجة، جدة، ولد الأم، عم,زوجة | جدة | ولد الأم | عم,,,
548,زوج، أم، ولد الأم، جد,زوج | أم | ولد الأم | جد,,,
549,زوجة، أم، ولد الأم، جد,زوجة | أم | ولد الأم | جد,,,
550,زوج، جدة، ولد الأم، جد,زوج | جدة | ولد الأم | جد,,,
551,زوجة، جدة، ولد الأم، جد,زوجة | جدة | ولد الأم | جد,,,
552,أولاد الأم، عم,أولاد الأم | عم,,,
553,زوج، أولاد الأم، عم,زوج | أولاد الأم | عم,,,
554,زوجة، أولاد الأم، عم,زوجة | أولاد الأم | عم,,,
555,أولاد الأم، أم، عم,أولاد الأم | أم | عم,,,
556,أولاد الأم، جد,أولاد الأم | جد,,,
557,أولاد الأم، جدة، عم,أولاد الأم | جدة | عم,,,
558,زوج، أم، أولاد الأم، عم,زوج | أم | أولاد الأم | عم,,,
559,زوجة، أم، أولاد الأم، عم,زوجة | أم | أولاد الأم | عم,,,
560,زوج، أولاد الأم، جد,زوج | أولاد الأم | جد,,,
561,زوجة، أولاد الأم، جد,زوجة | أولاد الأم | جد,,,
562,زوج، جدة، أولاد الأم، عم,زوج | جدة | أولاد الأم | عم,,,
563,زوجة، جدة، أولاد الأم، عم,زوجة | جدة | أولاد الأم | عم,,,
564,زوج، أم، أولاد الأم، جد,زوج | أم | أولاد الأم | جد,,,
565,زوجة، أم، أولاد الأم، جد,زوجة | أم | أولاد الأم | جد,,,
566,زوج، جدة، أولاد الأم، أب,زوج | جدة | أولاد الأم | أب,,,
567,زوجة، جدة، أولاد الأم، أب,زوجة | جدة | أولاد الأم | أب,,,
568,زوج، جدة، أولاد الأم، جد,زوج | جدة | أولاد الأم | جد,,,
569,زوجة، جدة، أولاد الأم، جد,زوجة | جدة | أولاد الأم | جد,,,
570,بنت، أولاد الأم,بنت | أولاد الأم,,,
571,زوج، بنت،  أولاد الأم,زوج | بنت | أولاد الأم,,,
572,زوجة، بنت، أولاد الأم,زوجة | بنت | أولاد الأم,,,
573,أولاد الأم، بنت، أم,أولاد الأم | بنت | أم,,,
574,بنت، أولاد الأم، جد,بنت | أولاد الأم | جد,,,
575,بنت، أولاد الأم، جدة,بنت | أولاد الأم | جدة,,,
